old_path,action,destination,notes
home/,301,https://www.aurumbullion.co.uk/,Recovered old navigation/indexed URL
about-us/,301,https://www.aurumbullion.co.uk/index.html#about,Recovered old navigation/indexed URL
contact-us/,301,https://www.aurumbullion.co.uk/index.html#contact,Recovered old navigation/indexed URL
contact-us-3/,301,https://www.aurumbullion.co.uk/index.html#contact,Recovered old navigation/indexed URL
numismatic-coinage/,301,https://www.aurumbullion.co.uk/british-gold-coins.html,Recovered old navigation/indexed URL
market-watch/,301,https://www.aurumbullion.co.uk/insights.html,Recovered old navigation/indexed URL
newsroom/,301,https://www.aurumbullion.co.uk/insights.html,Recovered old navigation/indexed URL
privacy-policy/,301,https://www.aurumbullion.co.uk/privacy.html,Recovered old navigation/indexed URL
terms-conditions/,301,https://www.aurumbullion.co.uk/terms.html,Recovered old navigation/indexed URL
vat-cgt/,301,https://www.aurumbullion.co.uk/index.html#tax,Recovered old navigation/indexed URL
conflict-free-policy/,301,https://www.aurumbullion.co.uk/conflict-free.html,Recovered old navigation/indexed URL
cookie/,301,https://www.aurumbullion.co.uk/cookies.html,Recovered old navigation/indexed URL
cookie-policy-uk/,301,https://www.aurumbullion.co.uk/cookies.html,Recovered old navigation/indexed URL
payment-options/,301,https://www.aurumbullion.co.uk/payment-options.html,Recovered old navigation/indexed URL
wp-content/uploads/2025/04/Labi-FreeE-Guide.pdf,301,https://www.aurumbullion.co.uk/brochure.html,Recovered old navigation/indexed URL
product/50th-anniversary-of-decimal-day/,301,https://www.aurumbullion.co.uk/coin.php?item=50th-anniversary-of-decimal-day,Recovered product page; coin-specific replacement
product/alices-adventures-in-wonderland/,301,https://www.aurumbullion.co.uk/coin.php?item=alices-adventures-in-wonderland,Recovered product page; coin-specific replacement
product/alices-adventures-in-wonderland-copy/,301,https://www.aurumbullion.co.uk/coin.php?item=alices-adventures-in-wonderland,Recovered product page; coin-specific replacement
product/britannia/,301,https://www.aurumbullion.co.uk/coin.php?item=britannia,Recovered product page; coin-specific replacement
product/britannia-2/,301,https://www.aurumbullion.co.uk/coin.php?item=britannia,Recovered product page; coin-specific replacement
product/britannia-3/,301,https://www.aurumbullion.co.uk/coin.php?item=britannia-3,Recovered product page; coin-specific replacement
product/britannia-4/,301,https://www.aurumbullion.co.uk/coin.php?item=britannia-4,Recovered product page; coin-specific replacement
product/britannia-6-coin-set/,301,https://www.aurumbullion.co.uk/coin.php?item=britannia-6-coin-set,Recovered product page; coin-specific replacement
product/britannia-6-coin-set-2/,301,https://www.aurumbullion.co.uk/coin.php?item=britannia-6-coin-set,Recovered product page; coin-specific replacement
product/britannia-with-lion/,301,https://www.aurumbullion.co.uk/coin.php?item=britannia-with-lion,Recovered product page; coin-specific replacement
product/british-red-cross/,301,https://www.aurumbullion.co.uk/coin.php?item=british-red-cross,Recovered product page; coin-specific replacement
product/ceremony-of-the-keys/,301,https://www.aurumbullion.co.uk/coin.php?item=ceremony-of-the-keys,Recovered product page; coin-specific replacement
product/charity/,301,https://www.aurumbullion.co.uk/coin.php?item=charity,Recovered product page; coin-specific replacement
product/chinese-trade-dollar/,301,https://www.aurumbullion.co.uk/coin.php?item=chinese-trade-dollar,Recovered product page; coin-specific replacement
product/city-views-london/,301,https://www.aurumbullion.co.uk/coin.php?item=city-views-london,Recovered product page; coin-specific replacement
product/city-views-london-2/,301,https://www.aurumbullion.co.uk/coin.php?item=city-views-london-2,Recovered product page; coin-specific replacement
product/david-bowie-2/,301,https://www.aurumbullion.co.uk/coin.php?item=david-bowie-2,Recovered product page; coin-specific replacement
product/end-of-wwii-75th-anniversary/,301,https://www.aurumbullion.co.uk/coin.php?item=end-of-wwii-75th-anniversary,Recovered product page; coin-specific replacement
product/faerie-queene/,301,https://www.aurumbullion.co.uk/coin.php?item=faerie-queene,Recovered product page; coin-specific replacement
product/four-generations-of-royalty/,301,https://www.aurumbullion.co.uk/coin.php?item=four-generations-of-royalty,Recovered product page; coin-specific replacement
product/gothic-crown/,301,https://www.aurumbullion.co.uk/coin.php?item=gothic-crown,Recovered product page; coin-specific replacement
product/gothic-crown-2/,301,https://www.aurumbullion.co.uk/coin.php?item=gothic-crown-2,Recovered product page; coin-specific replacement
product/gothic-victoria-crown-2/,301,https://www.aurumbullion.co.uk/coin.php?item=gothic-victoria-crown-2,Recovered product page; coin-specific replacement
product/gothic-victoria-crown-3/,301,https://www.aurumbullion.co.uk/coin.php?item=gothic-victoria-crown-3,Recovered product page; coin-specific replacement
product/james-bond-diamonds-are-forever/,301,https://www.aurumbullion.co.uk/coin.php?item=james-bond-diamonds-are-forever,Recovered product page; coin-specific replacement
product/james-bond-pay-attention/,301,https://www.aurumbullion.co.uk/coin.php?item=james-bond-pay-attention,Recovered product page; coin-specific replacement
product/japanese-trade-dollar/,301,https://www.aurumbullion.co.uk/coin.php?item=japanese-trade-dollar,Recovered product page; coin-specific replacement
product/king-henry-vii/,301,https://www.aurumbullion.co.uk/coin.php?item=king-henry-vii,Recovered product page; coin-specific replacement
product/laughing-buddha/,301,https://www.aurumbullion.co.uk/coin.php?item=laughing-buddha,Recovered product page; coin-specific replacement
product/lunar-year-of-the-rat/,301,https://www.aurumbullion.co.uk/coin.php?item=lunar-year-of-the-rat,Recovered product page; coin-specific replacement
product/maid-marian-myths-and-legends/,301,https://www.aurumbullion.co.uk/coin.php?item=maid-marian-myths-and-legends,Recovered product page; coin-specific replacement
product/modern-chinese-trade-dollar/,301,https://www.aurumbullion.co.uk/coin.php?item=modern-chinese-trade-dollar,Recovered product page; coin-specific replacement
product/mr-happy/,301,https://www.aurumbullion.co.uk/coin.php?item=mr-happy,Recovered product page; coin-specific replacement
product/seymour-panther/,301,https://www.aurumbullion.co.uk/coin.php?item=seymour-panther,Recovered product page; coin-specific replacement
product/st-helena-queens-virtues-victory/,301,https://www.aurumbullion.co.uk/coin.php?item=st-helena-queens-virtues-victory,Recovered product page; coin-specific replacement
shop/page/2/,301,https://www.aurumbullion.co.uk/catalogue.html,Recovered shop/pagination/filter URL
shop/page/6/,301,https://www.aurumbullion.co.uk/catalogue.html,Recovered shop/pagination/filter URL
bonds/,REVIEW,,No equivalent feature/content verified. Needs old installation or owner decision.
login/,REVIEW,,No equivalent feature/content verified. Needs old installation or owner decision.
shop/page/3/,301,https://www.aurumbullion.co.uk/catalogue.html,Recovered shop/pagination/filter URL
shop/page/4/,301,https://www.aurumbullion.co.uk/catalogue.html,Recovered shop/pagination/filter URL
testimonial/,REVIEW,,No equivalent feature/content verified. Needs old installation or owner decision.
product-category/special-offers/,301,https://www.aurumbullion.co.uk/catalogue.html,Collection category/filter consolidated
product-category/new-products/,301,https://www.aurumbullion.co.uk/catalogue.html,Collection category/filter consolidated
product-category/bullion-coins/,301,https://www.aurumbullion.co.uk/catalogue.html,Collection category/filter consolidated
product-category/proof-coins-sets/,301,https://www.aurumbullion.co.uk/catalogue.html,Collection category/filter consolidated
product-category/graded-coins/,301,https://www.aurumbullion.co.uk/catalogue.html,Collection category/filter consolidated
register/,REVIEW,,No equivalent feature/content verified. Needs old installation or owner decision.
bonds-register/,REVIEW,,No equivalent feature/content verified. Needs old installation or owner decision.
shop/page/4/?filter_date=2019%2C2018%2C2010%2C2022%2C2021&filter_denomination=5-shp%2C250%2C50%2C25%2C5%2C100%2C200%2C50p%2C10%2C50p-fifty-pence&filter_grade=proof%2Cpf70%2C250-niue%2Cbullion&query_type_date=or&query_type_denomination=or&query_type_grade=or,301,https://www.aurumbullion.co.uk/catalogue.html,Recovered shop/pagination/filter URL
shop/?filter_denomination=200-tuvalu%2C50p%2C50%2C250-niue%2C25%2C2590%2C250%2C1000%2C100-aud%2C200%2C5%2C100%2C10&filter_grade=proof%2C31-100-g%2Cpf69%2C250-niue%2Cbullion%2Cpf70&filter_weight=156-295g%2C31-100-g%2C5oz%2C1kg%2C31-2-g%2C0-8-g%2C31-21g%2C7-8-g%2C323-566-g%2C34-050-g%2C62-42g%2C156-30-g%2C62-213g%2C1-177-oz%2C31-21-g%2C31-00-g%2C1005-g%2C2-troy-ounces%2C31-103-g%2C1-997-g%2C62-42-g%2C31-1-g%2C15-98-g%2C1oz%2C28-28-g%2C7-981-g%2C156-295-g%2C1-2-oz%2C62-200-g&query_type_denomination=or&query_type_grade=or&query_type_weight=or,301,https://www.aurumbullion.co.uk/catalogue.html,Recovered shop/pagination/filter URL
shop/?filter_date=2022%2C2010%2C2020&filter_denomination=1%2C5-shp%2C5%2C25%2C250%2C1000%2C10%2C50%2C200%2C100%2C2590%2C250-niue&filter_weight=1-troy-ounce&query_type_date=or&query_type_denomination=or&query_type_weight=or,301,https://www.aurumbullion.co.uk/catalogue.html,Recovered shop/pagination/filter URL
shop/?filter_denomination=1%2C5-shp%2C5%2C25%2C250%2C1000%2C10%2C50%2C250-niue&query_type_denomination=or,301,https://www.aurumbullion.co.uk/catalogue.html,Recovered shop/pagination/filter URL
shop/?filter_date=2022%2C2021%2C2018&filter_denomination=50%2C5%2C200%2C25%2C100%2C500&query_type_date=or&query_type_denomination=or,301,https://www.aurumbullion.co.uk/catalogue.html,Recovered shop/pagination/filter URL
product-category/bullion-coins/?filter_denomination=250-niue%2C500%2C100%2C50%2C2590%2C200-tuvalu%2C5-shp%2C100-aud%2C1&filter_weight=156-295g%2C1-2-oz%2C31-100-g%2C0-8-g%2C31-210-g%2C39-94-g%2C1oz%2C1kg%2C62-200-g%2C1005-g%2C155-500-g%2C31-103-g%2C3-99-g&query_type_denomination=or&query_type_weight=or,301,https://www.aurumbullion.co.uk/catalogue.html,Collection category/filter consolidated
shop/page/5/,301,https://www.aurumbullion.co.uk/catalogue.html,Recovered shop/pagination/filter URL
product-category/bullion-coins/?filter_denomination=50p%2C1%2C250-niue%2C50%2C2590%2C5-shp%2C100%2C100-aud&filter_weight=156-295g%2C62-42g%2C31-1-g%2C31-210-g%2C1oz%2C1005-00-g%2C53-530-g%2C1-58-g%2C34-050-g%2C31-00-g%2C2oz%2C7-8-g%2C62-2-g%2C62-42-g%2C156-30-g&query_type_denomination=or&query_type_weight=or,301,https://www.aurumbullion.co.uk/catalogue.html,Collection category/filter consolidated
product-category/bullion-coins/?filter_denomination=50p-fifty-pence%2C5%2C2590%2C50p&filter_weight=156-295g%2C31-1-g%2C62-42g%2C31-21g%2C7-981-g%2C156-295-g%2C7-8-g%2C1oz&query_type_denomination=or&query_type_weight=or,301,https://www.aurumbullion.co.uk/catalogue.html,Collection category/filter consolidated
shop/?filter_denomination=200-tuvalu%2C1000%2C5&query_type_denomination=or,301,https://www.aurumbullion.co.uk/catalogue.html,Recovered shop/pagination/filter URL
shop/?filter_denomination=500%2C1000%2C250%2C5%2C100%2C250-niue&filter_grade=proof%2Cpf70%2Cpf69&filter_weight=156-295g%2C5oz%2C1kg%2C31-2-g%2C1-2-oz%2C31-103-g%2C62-42-g%2C3-13-g%2C15-50g%2C7-981-g%2C62-200-g%2C31-00-g%2C53-530-g%2C1-58-g%2C323-566-g%2C39-94-g%2C62-2-g&query_type_denomination=or&query_type_grade=or&query_type_weight=or,301,https://www.aurumbullion.co.uk/catalogue.html,Recovered shop/pagination/filter URL
product/peter-rabbit/,301,https://www.aurumbullion.co.uk/coin.php?item=peter-rabbit,Recovered indexed product; coin-specific replacement
product/five-sovereign/,301,https://www.aurumbullion.co.uk/coin.php?item=five-sovereign,Recovered indexed product; coin-specific replacement
product/st-george/,301,https://www.aurumbullion.co.uk/coin.php?item=st-george,Recovered indexed product; coin-specific replacement
product/tower-of-london-yeoman-warders/,301,https://www.aurumbullion.co.uk/coin.php?item=tower-of-london-yeoman-warders,Recovered indexed product; coin-specific replacement
product/the-platinum-jubilee-of-her-majesty-the-queen-2/,301,https://www.aurumbullion.co.uk/coin.php?item=the-platinum-jubilee-of-her-majesty-the-queen-2,Recovered indexed product; coin-specific replacement
product/the-platinum-jubilee-of-her-majesty-the-queen/,301,https://www.aurumbullion.co.uk/coin.php?item=the-platinum-jubilee-of-her-majesty-the-queen,Recovered indexed product; coin-specific replacement
product/victoria-gothic-crown-pattern-edition/,301,https://www.aurumbullion.co.uk/coin.php?item=victoria-gothic-crown-pattern-edition,Recovered indexed product; coin-specific replacement
product-category/bullion-coins/?filter_denomination=200-tuvalu%2C200%2C2590%2C100-aud%2C5-shp%2C50%2C1000%2C5%2C500%2C250-niue&query_type_denomination=or,301,https://www.aurumbullion.co.uk/catalogue.html,Recovered filter/pagination URL
product-category/bullion-coins/?filter_date=2021%2C2018%2C2019&filter_denomination=500%2C50%2C5%2C10%2C200%2C2000-aud&query_type_date=or&query_type_denomination=or,301,https://www.aurumbullion.co.uk/catalogue.html,Recovered filter/pagination URL
product-category/bullion-coins/?filter_date=2010%2C2021&filter_denomination=200-tuvalu%2C250-niue%2C100-aud%2C5-shp%2C250%2C100%2C10%2C50p%2C500%2C2590&filter_grade=proof&query_type_date=or&query_type_denomination=or&query_type_grade=or,301,https://www.aurumbullion.co.uk/catalogue.html,Recovered filter/pagination URL
shop/,301,https://www.aurumbullion.co.uk/catalogue.html,Recovered filter/pagination URL
